,Country,Latitude,Longitude,Date,Refugees from Ukraine,datetime
0,Poland,52.215933,19.134422,2022-03-01,547982,2022-03-01
1,Hungary,47.1817585,19.5060937,2022-03-01,133009,2022-03-01
2,Republic of Moldova,47.2879608,28.5670941,2022-03-01,97827,2022-03-01
3,Slovakia,48.7411522,19.4528646,2022-03-01,72200,2022-03-01
4,Romania,45.9852129,24.6859225,2022-03-01,51261,2022-03-01
5,Russian Federation,64.6863136,97.7453061,2022-03-01,47800,2022-03-01
6,Belarus,53.4250605,27.6971358,2022-03-01,357,2022-03-01
7,Ukraine,49.4871968,31.2718321,2022-03-01,0,2022-03-01
8,Poland,52.215933,19.134422,2022-03-02,547982,2022-03-02
9,Hungary,47.1817585,19.5060937,2022-03-02,133009,2022-03-02
10,Republic of Moldova,47.2879608,28.5670941,2022-03-02,97827,2022-03-02
11,Slovakia,48.7411522,19.4528646,2022-03-02,72200,2022-03-02
12,Romania,45.9852129,24.6859225,2022-03-02,51261,2022-03-02
13,Russian Federation,64.6863136,97.7453061,2022-03-02,47800,2022-03-02
14,Belarus,53.4250605,27.6971358,2022-03-02,357,2022-03-02
15,Ukraine,49.4871968,31.2718321,2022-03-02,0,2022-03-02
16,Poland,52.215933,19.134422,2022-03-03,649903,2022-03-03
17,Hungary,47.1817585,19.5060937,2022-03-03,144738,2022-03-03
18,Republic of Moldova,47.2879608,28.5670941,2022-03-03,103254,2022-03-03
19,Slovakia,48.7411522,19.4528646,2022-03-03,90329,2022-03-03
20,Romania,45.9852129,24.6859225,2022-03-03,57192,2022-03-03
21,Russian Federation,64.6863136,97.7453061,2022-03-03,53300,2022-03-03
22,Belarus,53.4250605,27.6971358,2022-03-03,384,2022-03-03
23,Ukraine,49.4871968,31.2718321,2022-03-03,0,2022-03-03
24,Poland,52.215933,19.134422,2022-03-04,756303,2022-03-04
25,Hungary,47.1817585,19.5060937,2022-03-04,157004,2022-03-04
26,Republic of Moldova,47.2879608,28.5670941,2022-03-04,84067,2022-03-04
27,Slovakia,48.7411522,19.4528646,2022-03-04,101529,2022-03-04
28,Romania,45.9852129,24.6859225,2022-03-04,63192,2022-03-04
29,Russian Federation,64.6863136,97.7453061,2022-03-04,99300,2022-03-04
30,Belarus,53.4250605,27.6971358,2022-03-04,406,2022-03-04
31,Ukraine,49.4871968,31.2718321,2022-03-04,0,2022-03-04
32,Poland,52.215933,19.134422,2022-03-05,885303,2022-03-05
33,Hungary,47.1817585,19.5060937,2022-03-05,169053,2022-03-05
34,Republic of Moldova,47.2879608,28.5670941,2022-03-05,84067,2022-03-05
35,Slovakia,48.7411522,19.4528646,2022-03-05,113967,2022-03-05
36,Romania,45.9852129,24.6859225,2022-03-05,71640,2022-03-05
37,Russian Federation,64.6863136,97.7453061,2022-03-05,99300,2022-03-05
38,Belarus,53.4250605,27.6971358,2022-03-05,453,2022-03-05
39,Ukraine,49.4871968,31.2718321,2022-03-05,0,2022-03-05
40,Poland,52.215933,19.134422,2022-03-06,1027603,2022-03-06
41,Hungary,47.1817585,19.5060937,2022-03-06,180163,2022-03-06
42,Republic of Moldova,47.2879608,28.5670941,2022-03-06,82762,2022-03-06
43,Slovakia,48.7411522,19.4528646,2022-03-06,128169,2022-03-06
44,Romania,45.9852129,24.6859225,2022-03-06,78977,2022-03-06
45,Russian Federation,64.6863136,97.7453061,2022-03-06,99300,2022-03-06
46,Belarus,53.4250605,27.6971358,2022-03-06,453,2022-03-06
47,Ukraine,49.4871968,31.2718321,2022-03-06,0,2022-03-06
48,Poland,52.215933,19.134422,2022-03-07,1412503,2022-03-07
49,Hungary,47.1817585,19.5060937,2022-03-07,191348,2022-03-07
50,Republic of Moldova,47.2879608,28.5670941,2022-03-07,104929,2022-03-07
51,Slovakia,48.7411522,19.4528646,2022-03-07,140745,2022-03-07
52,Romania,45.9852129,24.6859225,2022-03-07,84671,2022-03-07
53,Russian Federation,64.6863136,97.7453061,2022-03-07,99300,2022-03-07
54,Belarus,53.4250605,27.6971358,2022-03-07,453,2022-03-07
55,Ukraine,49.4871968,31.2718321,2022-03-07,0,2022-03-07
56,Poland,52.215933,19.134422,2022-03-08,1412503,2022-03-08
57,Hungary,47.1817585,19.5060937,2022-03-08,214160,2022-03-08
58,Republic of Moldova,47.2879608,28.5670941,2022-03-08,104929,2022-03-08
59,Slovakia,48.7411522,19.4528646,2022-03-08,165199,2022-03-08
60,Romania,45.9852129,24.6859225,2022-03-08,84671,2022-03-08
61,Russian Federation,64.6863136,97.7453061,2022-03-08,99300,2022-03-08
62,Belarus,53.4250605,27.6971358,2022-03-08,765,2022-03-08
63,Ukraine,49.4871968,31.2718321,2022-03-08,0,2022-03-08
64,Poland,52.215933,19.134422,2022-03-09,1575703,2022-03-09
65,Hungary,47.1817585,19.5060937,2022-03-09,225046,2022-03-09
66,Republic of Moldova,47.2879608,28.5670941,2022-03-09,104929,2022-03-09
67,Slovakia,48.7411522,19.4528646,2022-03-09,165199,2022-03-09
68,Romania,45.9852129,24.6859225,2022-03-09,453432,2022-03-09
69,Russian Federation,64.6863136,97.7453061,2022-03-09,97098,2022-03-09
70,Belarus,53.4250605,27.6971358,2022-03-09,765,2022-03-09
71,Ukraine,49.4871968,31.2718321,2022-03-09,0,2022-03-09
72,Poland,52.215933,19.134422,2022-03-10,1575703,2022-03-10
73,Hungary,47.1817585,19.5060937,2022-03-10,225046,2022-03-10
74,Republic of Moldova,47.2879608,28.5670941,2022-03-10,104929,2022-03-10
75,Slovakia,48.7411522,19.4528646,2022-03-10,176092,2022-03-10
76,Romania,45.9852129,24.6859225,2022-03-10,453432,2022-03-10
77,Russian Federation,64.6863136,97.7453061,2022-03-10,105897,2022-03-10
78,Belarus,53.4250605,27.6971358,2022-03-10,858,2022-03-10
79,Ukraine,49.4871968,31.2718321,2022-03-10,0,2022-03-10
80,Poland,52.215933,19.134422,2022-03-11,1575703,2022-03-11
81,Hungary,47.1817585,19.5060937,2022-03-11,235576,2022-03-11
82,Republic of Moldova,47.2879608,28.5670941,2022-03-11,106994,2022-03-11
83,Slovakia,48.7411522,19.4528646,2022-03-11,185673,2022-03-11
84,Romania,45.9852129,24.6859225,2022-03-11,453432,2022-03-11
85,Russian Federation,64.6863136,97.7453061,2022-03-11,131365,2022-03-11
86,Belarus,53.4250605,27.6971358,2022-03-11,938,2022-03-11
87,Ukraine,49.4871968,31.2718321,2022-03-11,0,2022-03-11
88,Poland,52.215933,19.134422,2022-03-12,1655503,2022-03-12
89,Hungary,47.1817585,19.5060937,2022-03-12,246206,2022-03-12
90,Republic of Moldova,47.2879608,28.5670941,2022-03-12,106994,2022-03-12
91,Slovakia,48.7411522,19.4528646,2022-03-12,195980,2022-03-12
92,Romania,45.9852129,24.6859225,2022-03-12,453432,2022-03-12
93,Russian Federation,64.6863136,97.7453061,2022-03-12,131365,2022-03-12
94,Belarus,53.4250605,27.6971358,2022-03-12,1226,2022-03-12
95,Ukraine,49.4871968,31.2718321,2022-03-12,0,2022-03-12
96,Poland,52.215933,19.134422,2022-03-13,1720227,2022-03-13
97,Hungary,47.1817585,19.5060937,2022-03-13,255291,2022-03-13
98,Republic of Moldova,47.2879608,28.5670941,2022-03-13,106994,2022-03-13
99,Slovakia,48.7411522,19.4528646,2022-03-13,204862,2022-03-13
100,Romania,45.9852129,24.6859225,2022-03-13,453432,2022-03-13
101,Russian Federation,64.6863136,97.7453061,2022-03-13,131365,2022-03-13
102,Belarus,53.4250605,27.6971358,2022-03-13,1226,2022-03-13
103,Ukraine,49.4871968,31.2718321,2022-03-13,0,2022-03-13
104,Poland,52.215933,19.134422,2022-03-14,1857045,2022-03-14
105,Hungary,47.1817585,19.5060937,2022-03-14,263888,2022-03-14
106,Republic of Moldova,47.2879608,28.5670941,2022-03-14,337215,2022-03-14
107,Slovakia,48.7411522,19.4528646,2022-03-14,213000,2022-03-14
108,Romania,45.9852129,24.6859225,2022-03-14,453432,2022-03-14
109,Russian Federation,64.6863136,97.7453061,2022-03-14,142994,2022-03-14
110,Belarus,53.4250605,27.6971358,2022-03-14,1475,2022-03-14
111,Ukraine,49.4871968,31.2718321,2022-03-14,0,2022-03-14
112,Poland,52.215933,19.134422,2022-03-15,1857045,2022-03-15
113,Hungary,47.1817585,19.5060937,2022-03-15,272943,2022-03-15
114,Republic of Moldova,47.2879608,28.5670941,2022-03-15,344454,2022-03-15
115,Slovakia,48.7411522,19.4528646,2022-03-15,220977,2022-03-15
116,Romania,45.9852129,24.6859225,2022-03-15,467703,2022-03-15
117,Russian Federation,64.6863136,97.7453061,2022-03-15,155841,2022-03-15
118,Belarus,53.4250605,27.6971358,2022-03-15,1816,2022-03-15
119,Ukraine,49.4871968,31.2718321,2022-03-15,0,2022-03-15
120,Poland,52.215933,19.134422,2022-03-16,1916445,2022-03-16
121,Hungary,47.1817585,19.5060937,2022-03-16,282611,2022-03-16
122,Republic of Moldova,47.2879608,28.5670941,2022-03-16,350886,2022-03-16
123,Slovakia,48.7411522,19.4528646,2022-03-16,228844,2022-03-16
124,Romania,45.9852129,24.6859225,2022-03-16,491409,2022-03-16
125,Russian Federation,64.6863136,97.7453061,2022-03-16,168858,2022-03-16
126,Belarus,53.4250605,27.6971358,2022-03-16,2127,2022-03-16
127,Ukraine,49.4871968,31.2718321,2022-03-16,0,2022-03-16
128,Poland,52.215933,19.134422,2022-03-17,2010693,2022-03-17
129,Hungary,47.1817585,19.5060937,2022-03-17,291230,2022-03-17
130,Republic of Moldova,47.2879608,28.5670941,2022-03-17,355426,2022-03-17
131,Slovakia,48.7411522,19.4528646,2022-03-17,234738,2022-03-17
132,Romania,45.9852129,24.6859225,2022-03-17,508692,2022-03-17
133,Russian Federation,64.6863136,97.7453061,2022-03-17,184563,2022-03-17
134,Belarus,53.4250605,27.6971358,2022-03-17,2548,2022-03-17
135,Ukraine,49.4871968,31.2718321,2022-03-17,0,2022-03-17
136,Poland,52.215933,19.134422,2022-03-18,2010693,2022-03-18
137,Hungary,47.1817585,19.5060937,2022-03-18,299273,2022-03-18
138,Republic of Moldova,47.2879608,28.5670941,2022-03-18,359056,2022-03-18
139,Slovakia,48.7411522,19.4528646,2022-03-18,240009,2022-03-18
140,Romania,45.9852129,24.6859225,2022-03-18,518269,2022-03-18
141,Russian Federation,64.6863136,97.7453061,2022-03-18,231764,2022-03-18
142,Belarus,53.4250605,27.6971358,2022-03-18,3765,2022-03-18
143,Ukraine,49.4871968,31.2718321,2022-03-18,0,2022-03-18
144,Poland,52.215933,19.134422,2022-03-19,2050392,2022-03-19
145,Hungary,47.1817585,19.5060937,2022-03-19,305518,2022-03-19
146,Republic of Moldova,47.2879608,28.5670941,2022-03-19,362514,2022-03-19
147,Slovakia,48.7411522,19.4528646,2022-03-19,245569,2022-03-19
148,Romania,45.9852129,24.6859225,2022-03-19,527247,2022-03-19
149,Russian Federation,64.6863136,97.7453061,2022-03-19,231764,2022-03-19
150,Belarus,53.4250605,27.6971358,2022-03-19,3765,2022-03-19
151,Ukraine,49.4871968,31.2718321,2022-03-19,0,2022-03-19
152,Poland,52.215933,19.134422,2022-03-20,2083854,2022-03-20
153,Hungary,47.1817585,19.5060937,2022-03-20,312120,2022-03-20
154,Republic of Moldova,47.2879608,28.5670941,2022-03-20,365197,2022-03-20
155,Slovakia,48.7411522,19.4528646,2022-03-20,250036,2022-03-20
156,Romania,45.9852129,24.6859225,2022-03-20,535461,2022-03-20
157,Russian Federation,64.6863136,97.7453061,2022-03-20,231764,2022-03-20
158,Belarus,53.4250605,27.6971358,2022-03-20,3765,2022-03-20
159,Ukraine,49.4871968,31.2718321,2022-03-20,0,2022-03-20
160,Poland,52.215933,19.134422,2022-03-21,2113554,2022-03-21
161,Hungary,47.1817585,19.5060937,2022-03-21,317863,2022-03-21
162,Republic of Moldova,47.2879608,28.5670941,2022-03-21,367913,2022-03-21
163,Slovakia,48.7411522,19.4528646,2022-03-21,253592,2022-03-21
164,Romania,45.9852129,24.6859225,2022-03-21,543308,2022-03-21
165,Russian Federation,64.6863136,97.7453061,2022-03-21,252376,2022-03-21
166,Belarus,53.4250605,27.6971358,2022-03-21,4308,2022-03-21
167,Ukraine,49.4871968,31.2718321,2022-03-21,0,2022-03-21
168,Poland,52.215933,19.134422,2022-03-22,2144244,2022-03-22
169,Hungary,47.1817585,19.5060937,2022-03-22,324397,2022-03-22
170,Republic of Moldova,47.2879608,28.5670941,2022-03-22,371104,2022-03-22
171,Slovakia,48.7411522,19.4528646,2022-03-22,256838,2022-03-22
172,Romania,45.9852129,24.6859225,2022-03-22,555021,2022-03-22
173,Russian Federation,64.6863136,97.7453061,2022-03-22,271254,2022-03-22
174,Belarus,53.4250605,27.6971358,2022-03-22,4938,2022-03-22
175,Ukraine,49.4871968,31.2718321,2022-03-22,0,2022-03-22
176,Poland,52.215933,19.134422,2022-03-23,2173944,2022-03-23
177,Hungary,47.1817585,19.5060937,2022-03-23,330877,2022-03-23
178,Republic of Moldova,47.2879608,28.5670941,2022-03-23,374059,2022-03-23
179,Slovakia,48.7411522,19.4528646,2022-03-23,260244,2022-03-23
180,Romania,45.9852129,24.6859225,2022-03-23,563519,2022-03-23
181,Russian Federation,64.6863136,97.7453061,2022-03-23,350632,2022-03-23
182,Belarus,53.4250605,27.6971358,2022-03-23,5569,2022-03-23
183,Ukraine,49.4871968,31.2718321,2022-03-23,0,2022-03-23
184,Poland,52.215933,19.134422,2022-03-24,2206119,2022-03-24
185,Hungary,47.1817585,19.5060937,2022-03-24,336701,2022-03-24
186,Republic of Moldova,47.2879608,28.5670941,2022-03-24,376748,2022-03-24
187,Slovakia,48.7411522,19.4528646,2022-03-24,263959,2022-03-24
188,Romania,45.9852129,24.6859225,2022-03-24,572754,2022-03-24
189,Russian Federation,64.6863136,97.7453061,2022-03-24,350632,2022-03-24
190,Belarus,53.4250605,27.6971358,2022-03-24,6341,2022-03-24
191,Ukraine,49.4871968,31.2718321,2022-03-24,0,2022-03-24
192,Poland,52.215933,19.134422,2022-03-25,2236314,2022-03-25
193,Hungary,47.1817585,19.5060937,2022-03-25,342738,2022-03-25
194,Republic of Moldova,47.2879608,28.5670941,2022-03-25,379204,2022-03-25
195,Slovakia,48.7411522,19.4528646,2022-03-25,267702,2022-03-25
196,Romania,45.9852129,24.6859225,2022-03-25,579800,2022-03-25
197,Russian Federation,64.6863136,97.7453061,2022-03-25,350632,2022-03-25
198,Belarus,53.4250605,27.6971358,2022-03-25,9075,2022-03-25
199,Ukraine,49.4871968,31.2718321,2022-03-25,0,2022-03-25
200,Poland,52.215933,19.134422,2022-03-26,2267103,2022-03-26
201,Hungary,47.1817585,19.5060937,2022-03-26,349107,2022-03-26
202,Republic of Moldova,47.2879608,28.5670941,2022-03-26,381395,2022-03-26
203,Slovakia,48.7411522,19.4528646,2022-03-26,272012,2022-03-26
204,Romania,45.9852129,24.6859225,2022-03-26,586942,2022-03-26
205,Russian Federation,64.6863136,97.7453061,2022-03-26,350632,2022-03-26
206,Belarus,53.4250605,27.6971358,2022-03-26,9075,2022-03-26
207,Ukraine,49.4871968,31.2718321,2022-03-26,0,2022-03-26
208,Poland,52.215933,19.134422,2022-03-27,2293833,2022-03-27
209,Hungary,47.1817585,19.5060937,2022-03-27,354041,2022-03-27
210,Republic of Moldova,47.2879608,28.5670941,2022-03-27,383627,2022-03-27
211,Slovakia,48.7411522,19.4528646,2022-03-27,275439,2022-03-27
212,Romania,45.9852129,24.6859225,2022-03-27,595868,2022-03-27
213,Russian Federation,64.6863136,97.7453061,2022-03-27,350632,2022-03-27
214,Belarus,53.4250605,27.6971358,2022-03-27,9075,2022-03-27
215,Ukraine,49.4871968,31.2718321,2022-03-27,0,2022-03-27
216,Poland,52.215933,19.134422,2022-03-29,2336799,2022-03-29
217,Hungary,47.1817585,19.5060937,2022-03-29,364804,2022-03-29
218,Republic of Moldova,47.2879608,28.5670941,2022-03-29,387151,2022-03-29
219,Slovakia,48.7411522,19.4528646,2022-03-29,281172,2022-03-29
220,Romania,45.9852129,24.6859225,2022-03-29,608936,2022-03-29
221,Russian Federation,64.6863136,97.7453061,2022-03-29,350632,2022-03-29
222,Belarus,53.4250605,27.6971358,2022-03-29,10902,2022-03-29
223,Ukraine,49.4871968,31.2718321,2022-03-29,0,2022-03-29
224,Poland,52.215933,19.134422,2022-03-30,2362044,2022-03-30
225,Hungary,47.1817585,19.5060937,2022-03-30,368807,2022-03-30
226,Republic of Moldova,47.2879608,28.5670941,2022-03-30,388837,2022-03-30
227,Slovakia,48.7411522,19.4528646,2022-03-30,283824,2022-03-30
228,Romania,45.9852129,24.6859225,2022-03-30,616592,2022-03-30
229,Russian Federation,64.6863136,97.7453061,2022-03-30,373589,2022-03-30
230,Belarus,53.4250605,27.6971358,2022-03-30,11821,2022-03-30
231,Ukraine,49.4871968,31.2718321,2022-03-30,0,2022-03-30
232,Poland,52.215933,19.134422,2022-03-31,2384814,2022-03-31
233,Hungary,47.1817585,19.5060937,2022-03-31,374535,2022-03-31
234,Republic of Moldova,47.2879608,28.5670941,2022-03-31,390187,2022-03-31
235,Slovakia,48.7411522,19.4528646,2022-03-31,292039,2022-03-31
236,Romania,45.9852129,24.6859225,2022-03-31,623627,2022-03-31
237,Russian Federation,64.6863136,97.7453061,2022-03-31,373589,2022-03-31
238,Belarus,53.4250605,27.6971358,2022-03-31,12746,2022-03-31
239,Ukraine,49.4871968,31.2718321,2022-03-31,0,2022-03-31
240,Poland,52.215933,19.134422,2022-04-01,2405703,2022-04-01
241,Hungary,47.1817585,19.5060937,2022-04-01,379988,2022-04-01
242,Republic of Moldova,47.2879608,28.5670941,2022-04-01,391592,2022-04-01
243,Slovakia,48.7411522,19.4528646,2022-04-01,294885,2022-04-01
244,Romania,45.9852129,24.6859225,2022-04-01,629917,2022-04-01
245,Russian Federation,64.6863136,97.7453061,2022-04-01,373589,2022-04-01
246,Belarus,53.4250605,27.6971358,2022-04-01,15281,2022-04-01
247,Ukraine,49.4871968,31.2718321,2022-04-01,0,2022-04-01
248,Poland,52.215933,19.134422,2022-04-02,2429265,2022-04-02
249,Hungary,47.1817585,19.5060937,2022-04-02,385783,2022-04-02
250,Republic of Moldova,47.2879608,28.5670941,2022-04-02,392933,2022-04-02
251,Slovakia,48.7411522,19.4528646,2022-04-02,298183,2022-04-02
252,Romania,45.9852129,24.6859225,2022-04-02,635816,2022-04-02
253,Russian Federation,64.6863136,97.7453061,2022-04-02,373589,2022-04-02
254,Belarus,53.4250605,27.6971358,2022-04-02,15281,2022-04-02
255,Ukraine,49.4871968,31.2718321,2022-04-02,0,2022-04-02
256,Poland,52.215933,19.134422,2022-04-03,2451342,2022-04-03
257,Hungary,47.1817585,19.5060937,2022-04-03,390302,2022-04-03
258,Republic of Moldova,47.2879608,28.5670941,2022-04-03,394740,2022-04-03
259,Slovakia,48.7411522,19.4528646,2022-04-03,301405,2022-04-03
260,Romania,45.9852129,24.6859225,2022-04-03,643058,2022-04-03
261,Russian Federation,64.6863136,97.7453061,2022-04-03,373589,2022-04-03
262,Belarus,53.4250605,27.6971358,2022-04-03,15281,2022-04-03
263,Ukraine,49.4871968,31.2718321,2022-04-03,0,2022-04-03
264,Poland,52.215933,19.134422,2022-04-04,2469657,2022-04-04
265,Hungary,47.1817585,19.5060937,2022-04-04,394728,2022-04-04
266,Republic of Moldova,47.2879608,28.5670941,2022-04-04,396448,2022-04-04
267,Slovakia,48.7411522,19.4528646,2022-04-04,302417,2022-04-04
268,Romania,45.9852129,24.6859225,2022-04-04,648410,2022-04-04
269,Russian Federation,64.6863136,97.7453061,2022-04-04,373589,2022-04-04
270,Belarus,53.4250605,27.6971358,2022-04-04,16274,2022-04-04
271,Ukraine,49.4871968,31.2718321,2022-04-04,0,2022-04-04
272,Poland,52.215933,19.134422,2022-04-05,2490447,2022-04-05
273,Hungary,47.1817585,19.5060937,2022-04-05,398932,2022-04-05
274,Republic of Moldova,47.2879608,28.5670941,2022-04-05,399039,2022-04-05
275,Slovakia,48.7411522,19.4528646,2022-04-05,302417,2022-04-05
276,Romania,45.9852129,24.6859225,2022-04-05,654825,2022-04-05
277,Russian Federation,64.6863136,97.7453061,2022-04-05,373589,2022-04-05
278,Belarus,53.4250605,27.6971358,2022-04-05,17317,2022-04-05
279,Ukraine,49.4871968,31.2718321,2022-04-05,0,2022-04-05
280,Poland,52.215933,19.134422,2022-04-06,2514504,2022-04-06
281,Hungary,47.1817585,19.5060937,2022-04-06,404021,2022-04-06
282,Republic of Moldova,47.2879608,28.5670941,2022-04-06,401704,2022-04-06
283,Slovakia,48.7411522,19.4528646,2022-04-06,304983,2022-04-06
284,Romania,45.9852129,24.6859225,2022-04-06,662751,2022-04-06
285,Russian Federation,64.6863136,97.7453061,2022-04-06,373589,2022-04-06
286,Belarus,53.4250605,27.6971358,2022-04-06,18060,2022-04-06
287,Ukraine,49.4871968,31.2718321,2022-04-06,0,2022-04-06
288,Poland,52.215933,19.134422,2022-04-07,2537769,2022-04-07
289,Hungary,47.1817585,19.5060937,2022-04-07,408652,2022-04-07
290,Republic of Moldova,47.2879608,28.5670941,2022-04-07,404257,2022-04-07
291,Slovakia,48.7411522,19.4528646,2022-04-07,307772,2022-04-07
292,Romania,45.9852129,24.6859225,2022-04-07,671334,2022-04-07
293,Russian Federation,64.6863136,97.7453061,2022-04-07,373589,2022-04-07
294,Belarus,53.4250605,27.6971358,2022-04-07,19096,2022-04-07
295,Ukraine,49.4871968,31.2718321,2022-04-07,0,2022-04-07
296,Poland,52.215933,19.134422,2022-04-08,2564994,2022-04-08
297,Hungary,47.1817585,19.5060937,2022-04-08,413888,2022-04-08
298,Republic of Moldova,47.2879608,28.5670941,2022-04-08,406611,2022-04-08
299,Slovakia,48.7411522,19.4528646,2022-04-08,310989,2022-04-08
300,Romania,45.9852129,24.6859225,2022-04-08,678081,2022-04-08
301,Russian Federation,64.6863136,97.7453061,2022-04-08,389845,2022-04-08
302,Belarus,53.4250605,27.6971358,2022-04-08,20739,2022-04-08
303,Ukraine,49.4871968,31.2718321,2022-04-08,0,2022-04-08
304,Poland,52.215933,19.134422,2022-04-09,2593902,2022-04-09
305,Hungary,47.1817585,19.5060937,2022-04-09,419101,2022-04-09
306,Republic of Moldova,47.2879608,28.5670941,2022-04-09,410882,2022-04-09
307,Slovakia,48.7411522,19.4528646,2022-04-09,314485,2022-04-09
308,Romania,45.9852129,24.6859225,2022-04-09,686232,2022-04-09
309,Russian Federation,64.6863136,97.7453061,2022-04-09,404418,2022-04-09
310,Belarus,53.4250605,27.6971358,2022-04-09,20739,2022-04-09
311,Ukraine,49.4871968,31.2718321,2022-04-09,0,2022-04-09
312,Poland,52.215933,19.134422,2022-04-10,2622117,2022-04-10
313,Hungary,47.1817585,19.5060937,2022-04-10,424367,2022-04-10
314,Republic of Moldova,47.2879608,28.5670941,2022-04-10,411365,2022-04-10
315,Slovakia,48.7411522,19.4528646,2022-04-10,317781,2022-04-10
316,Romania,45.9852129,24.6859225,2022-04-10,692501,2022-04-10
317,Russian Federation,64.6863136,97.7453061,2022-04-10,433083,2022-04-10
318,Belarus,53.4250605,27.6971358,2022-04-10,20739,2022-04-10
319,Ukraine,49.4871968,31.2718321,2022-04-10,0,2022-04-10
320,Poland,52.215933,19.134422,2022-04-11,2645877,2022-04-11
321,Hungary,47.1817585,19.5060937,2022-04-11,428954,2022-04-11
322,Republic of Moldova,47.2879608,28.5670941,2022-04-11,413374,2022-04-11
323,Slovakia,48.7411522,19.4528646,2022-04-11,320246,2022-04-11
324,Romania,45.9852129,24.6859225,2022-04-11,701741,2022-04-11
325,Russian Federation,64.6863136,97.7453061,2022-04-11,433083,2022-04-11
326,Belarus,53.4250605,27.6971358,2022-04-11,21292,2022-04-11
327,Ukraine,49.4871968,31.2718321,2022-04-11,0,2022-04-11
328,Poland,52.215933,19.134422,2022-04-12,2669637,2022-04-12
329,Hungary,47.1817585,19.5060937,2022-04-12,434342,2022-04-12
330,Republic of Moldova,47.2879608,28.5670941,2022-04-12,415850,2022-04-12
331,Slovakia,48.7411522,19.4528646,2022-04-12,323020,2022-04-12
332,Romania,45.9852129,24.6859225,2022-04-12,709249,2022-04-12
333,Russian Federation,64.6863136,97.7453061,2022-04-12,471014,2022-04-12
334,Belarus,53.4250605,27.6971358,2022-04-12,21852,2022-04-12
335,Ukraine,49.4871968,31.2718321,2022-04-12,0,2022-04-12
336,Poland,52.215933,19.134422,2022-04-13,2694090,2022-04-13
337,Hungary,47.1817585,19.5060937,2022-04-13,440387,2022-04-13
338,Republic of Moldova,47.2879608,28.5670941,2022-04-13,417650,2022-04-13
339,Slovakia,48.7411522,19.4528646,2022-04-13,326244,2022-04-13
340,Romania,45.9852129,24.6859225,2022-04-13,716797,2022-04-13
341,Russian Federation,64.6863136,97.7453061,2022-04-13,471014,2022-04-13
342,Belarus,53.4250605,27.6971358,2022-04-13,22428,2022-04-13
343,Ukraine,49.4871968,31.2718321,2022-04-13,0,2022-04-13
344,Poland,52.215933,19.134422,2022-04-14,2720622,2022-04-14
345,Hungary,47.1817585,19.5060937,2022-04-14,447053,2022-04-14
346,Republic of Moldova,47.2879608,28.5670941,2022-04-14,419499,2022-04-14
347,Slovakia,48.7411522,19.4528646,2022-04-14,329597,2022-04-14
348,Romania,45.9852129,24.6859225,2022-04-14,726857,2022-04-14
349,Russian Federation,64.6863136,97.7453061,2022-04-14,484725,2022-04-14
350,Belarus,53.4250605,27.6971358,2022-04-14,22827,2022-04-14
351,Ukraine,49.4871968,31.2718321,2022-04-14,0,2022-04-14
352,Poland,52.215933,19.134422,2022-04-15,2744778,2022-04-15
353,Hungary,47.1817585,19.5060937,2022-04-15,454098,2022-04-15
354,Republic of Moldova,47.2879608,28.5670941,2022-04-15,421130,2022-04-15
355,Slovakia,48.7411522,19.4528646,2022-04-15,332707,2022-04-15
356,Romania,45.9852129,24.6859225,2022-04-15,732473,2022-04-15
357,Russian Federation,64.6863136,97.7453061,2022-04-15,522404,2022-04-15
358,Belarus,53.4250605,27.6971358,2022-04-15,23469,2022-04-15
359,Ukraine,49.4871968,31.2718321,2022-04-15,0,2022-04-15
360,Poland,52.215933,19.134422,2022-04-16,2763786,2022-04-16
361,Hungary,47.1817585,19.5060937,2022-04-16,458654,2022-04-16
362,Republic of Moldova,47.2879608,28.5670941,2022-04-16,422550,2022-04-16
363,Slovakia,48.7411522,19.4528646,2022-04-16,335243,2022-04-16
364,Romania,45.9852129,24.6859225,2022-04-16,738862,2022-04-16
365,Russian Federation,64.6863136,97.7453061,2022-04-16,522404,2022-04-16
366,Belarus,53.4250605,27.6971358,2022-04-16,23469,2022-04-16
367,Ukraine,49.4871968,31.2718321,2022-04-16,0,2022-04-16
368,Poland,52.215933,19.134422,2022-04-17,2780913,2022-04-17
369,Hungary,47.1817585,19.5060937,2022-04-17,461539,2022-04-17
370,Republic of Moldova,47.2879608,28.5670941,2022-04-17,423852,2022-04-17
371,Slovakia,48.7411522,19.4528646,2022-04-17,337311,2022-04-17
372,Romania,45.9852129,24.6859225,2022-04-17,743880,2022-04-17
373,Russian Federation,64.6863136,97.7453061,2022-04-17,522404,2022-04-17
374,Belarus,53.4250605,27.6971358,2022-04-17,23469,2022-04-17
375,Ukraine,49.4871968,31.2718321,2022-04-17,0,2022-04-17
376,Poland,52.215933,19.134422,2022-04-18,2800713,2022-04-18
377,Hungary,47.1817585,19.5060937,2022-04-18,465598,2022-04-18
378,Republic of Moldova,47.2879608,28.5670941,2022-04-18,425227,2022-04-18
379,Slovakia,48.7411522,19.4528646,2022-04-18,339680,2022-04-18
380,Romania,45.9852129,24.6859225,2022-04-18,750693,2022-04-18
381,Russian Federation,64.6863136,97.7453061,2022-04-18,535842,2022-04-18
382,Belarus,53.4250605,27.6971358,2022-04-18,23609,2022-04-18
383,Ukraine,49.4871968,31.2718321,2022-04-18,0,2022-04-18
384,Poland,52.215933,19.134422,2022-04-19,2825463,2022-04-19
385,Hungary,47.1817585,19.5060937,2022-04-19,471080,2022-04-19
386,Republic of Moldova,47.2879608,28.5670941,2022-04-19,426964,2022-04-19
387,Slovakia,48.7411522,19.4528646,2022-04-19,342813,2022-04-19
388,Romania,45.9852129,24.6859225,2022-04-19,757047,2022-04-19
389,Russian Federation,64.6863136,97.7453061,2022-04-19,549805,2022-04-19
390,Belarus,53.4250605,27.6971358,2022-04-19,23759,2022-04-19
391,Ukraine,49.4871968,31.2718321,2022-04-19,0,2022-04-19
392,Poland,52.215933,19.134422,2022-04-20,2847540,2022-04-20
393,Hungary,47.1817585,19.5060937,2022-04-20,476213,2022-04-20
394,Republic of Moldova,47.2879608,28.5670941,2022-04-20,428577,2022-04-20
395,Slovakia,48.7411522,19.4528646,2022-04-20,346175,2022-04-20
396,Romania,45.9852129,24.6859225,2022-04-20,763769,2022-04-20
397,Russian Federation,64.6863136,97.7453061,2022-04-20,563266,2022-04-20
398,Belarus,53.4250605,27.6971358,2022-04-20,23900,2022-04-20
399,Ukraine,49.4871968,31.2718321,2022-04-20,0,2022-04-20
400,Poland,52.215933,19.134422,2022-04-21,2867241,2022-04-21
401,Hungary,47.1817585,19.5060937,2022-04-21,480974,2022-04-21
402,Republic of Moldova,47.2879608,28.5670941,2022-04-21,430170,2022-04-21
403,Slovakia,48.7411522,19.4528646,2022-04-21,349286,2022-04-21
404,Romania,45.9852129,24.6859225,2022-04-21,769616,2022-04-21
405,Russian Federation,64.6863136,97.7453061,2022-04-21,578255,2022-04-21
406,Belarus,53.4250605,27.6971358,2022-04-21,24084,2022-04-21
407,Ukraine,49.4871968,31.2718321,2022-04-21,0,2022-04-21
408,Poland,52.215933,19.134422,2022-04-22,2884764,2022-04-22
409,Hungary,47.1817585,19.5060937,2022-04-22,485618,2022-04-22
410,Republic of Moldova,47.2879608,28.5670941,2022-04-22,431468,2022-04-22
411,Slovakia,48.7411522,19.4528646,2022-04-22,352286,2022-04-22
412,Romania,45.9852129,24.6859225,2022-04-22,774094,2022-04-22
413,Russian Federation,64.6863136,97.7453061,2022-04-22,605815,2022-04-22
414,Belarus,53.4250605,27.6971358,2022-04-22,24477,2022-04-22
415,Ukraine,49.4871968,31.2718321,2022-04-22,0,2022-04-22
416,Poland,52.215933,19.134422,2022-04-23,2899713,2022-04-23
417,Hungary,47.1817585,19.5060937,2022-04-23,489754,2022-04-23
418,Republic of Moldova,47.2879608,28.5670941,2022-04-23,433214,2022-04-23
419,Slovakia,48.7411522,19.4528646,2022-04-23,354329,2022-04-23
420,Romania,45.9852129,24.6859225,2022-04-23,777602,2022-04-23
421,Russian Federation,64.6863136,97.7453061,2022-04-23,605815,2022-04-23
422,Belarus,53.4250605,27.6971358,2022-04-23,24477,2022-04-23
423,Ukraine,49.4871968,31.2718321,2022-04-23,0,2022-04-23
424,Poland,52.215933,19.134422,2022-04-24,2909415,2022-04-24
425,Hungary,47.1817585,19.5060937,2022-04-24,492976,2022-04-24
426,Republic of Moldova,47.2879608,28.5670941,2022-04-24,433895,2022-04-24
427,Slovakia,48.7411522,19.4528646,2022-04-24,355593,2022-04-24
428,Romania,45.9852129,24.6859225,2022-04-24,782598,2022-04-24
429,Russian Federation,64.6863136,97.7453061,2022-04-24,605815,2022-04-24
430,Belarus,53.4250605,27.6971358,2022-04-24,24477,2022-04-24
431,Ukraine,49.4871968,31.2718321,2022-04-24,0,2022-04-24
432,Poland,52.215933,19.134422,2022-04-25,2922978,2022-04-25
433,Hungary,47.1817585,19.5060937,2022-04-25,496914,2022-04-25
434,Republic of Moldova,47.2879608,28.5670941,2022-04-25,435275,2022-04-25
435,Slovakia,48.7411522,19.4528646,2022-04-25,357560,2022-04-25
436,Romania,45.9852129,24.6859225,2022-04-25,782598,2022-04-25
437,Russian Federation,64.6863136,97.7453061,2022-04-25,614318,2022-04-25
438,Belarus,53.4250605,27.6971358,2022-04-25,24578,2022-04-25
439,Ukraine,49.4871968,31.2718321,2022-04-25,0,2022-04-25
440,Poland,52.215933,19.134422,2022-04-27,2968716,2022-04-27
441,Hungary,47.1817585,19.5060937,2022-04-27,507849,2022-04-27
442,Republic of Moldova,47.2879608,28.5670941,2022-04-27,439290,2022-04-27
443,Slovakia,48.7411522,19.4528646,2022-04-27,363940,2022-04-27
444,Romania,45.9852129,24.6859225,2022-04-27,801453,2022-04-27
445,Russian Federation,64.6863136,97.7453061,2022-04-27,641752,2022-04-27
446,Belarus,53.4250605,27.6971358,2022-04-27,24857,2022-04-27
447,Ukraine,49.4871968,31.2718321,2022-04-27,0,2022-04-27
448,Poland,52.215933,19.134422,2022-04-28,2992575,2022-04-28
449,Hungary,47.1817585,19.5060937,2022-04-28,513848,2022-04-28
450,Republic of Moldova,47.2879608,28.5670941,2022-04-28,441437,2022-04-28
451,Slovakia,48.7411522,19.4528646,2022-04-28,367904,2022-04-28
452,Romania,45.9852129,24.6859225,2022-04-28,810021,2022-04-28
453,Russian Federation,64.6863136,97.7453061,2022-04-28,656381,2022-04-28
454,Belarus,53.4250605,27.6971358,2022-04-28,25002,2022-04-28
455,Ukraine,49.4871968,31.2718321,2022-04-28,0,2022-04-28
456,Poland,52.215933,19.134422,2022-04-29,3014157,2022-04-29
457,Hungary,47.1817585,19.5060937,2022-04-29,519979,2022-04-29
458,Republic of Moldova,47.2879608,28.5670941,2022-04-29,443559,2022-04-29
459,Slovakia,48.7411522,19.4528646,2022-04-29,371918,2022-04-29
460,Romania,45.9852129,24.6859225,2022-04-29,817303,2022-04-29
461,Russian Federation,64.6863136,97.7453061,2022-04-29,681156,2022-04-29
462,Belarus,53.4250605,27.6971358,2022-04-29,25852,2022-04-29
463,Ukraine,49.4871968,31.2718321,2022-04-29,0,2022-04-29
464,Poland,52.215933,19.134422,2022-04-30,3056826,2022-04-30
465,Hungary,47.1817585,19.5060937,2022-04-30,530157,2022-04-30
466,Republic of Moldova,47.2879608,28.5670941,2022-04-30,447604,2022-04-30
467,Slovakia,48.7411522,19.4528646,2022-04-30,379447,2022-04-30
468,Romania,45.9852129,24.6859225,2022-04-30,825874,2022-04-30
469,Russian Federation,64.6863136,97.7453061,2022-04-30,681156,2022-04-30
470,Belarus,53.4250605,27.6971358,2022-04-30,25852,2022-04-30
471,Ukraine,49.4871968,31.2718321,2022-04-30,0,2022-04-30
472,Poland,52.215933,19.134422,2022-05-01,3056826,2022-05-01
473,Hungary,47.1817585,19.5060937,2022-05-01,530157,2022-05-01
474,Republic of Moldova,47.2879608,28.5670941,2022-05-01,447604,2022-05-01
475,Slovakia,48.7411522,19.4528646,2022-05-01,379447,2022-05-01
476,Romania,45.9852129,24.6859225,2022-05-01,836173,2022-05-01
477,Russian Federation,64.6863136,97.7453061,2022-05-01,703523,2022-05-01
478,Belarus,53.4250605,27.6971358,2022-05-01,25852,2022-05-01
479,Ukraine,49.4871968,31.2718321,2022-05-01,0,2022-05-01
480,Poland,52.215933,19.134422,2022-05-02,3075240,2022-05-02
481,Hungary,47.1817585,19.5060937,2022-05-02,534821,2022-05-02
482,Republic of Moldova,47.2879608,28.5670941,2022-05-02,448170,2022-05-02
483,Slovakia,48.7411522,19.4528646,2022-05-02,382024,2022-05-02
484,Romania,45.9852129,24.6859225,2022-05-02,836173,2022-05-02
485,Russian Federation,64.6863136,97.7453061,2022-05-02,703523,2022-05-02
486,Belarus,53.4250605,27.6971358,2022-05-02,25852,2022-05-02
487,Ukraine,49.4871968,31.2718321,2022-05-02,0,2022-05-02
488,Poland,52.215933,19.134422,2022-05-03,3094446,2022-05-03
489,Hungary,47.1817585,19.5060937,2022-05-03,539821,2022-05-03
490,Republic of Moldova,47.2879608,28.5670941,2022-05-03,449605,2022-05-03
491,Slovakia,48.7411522,19.4528646,2022-05-03,385284,2022-05-03
492,Romania,45.9852129,24.6859225,2022-05-03,846521,2022-05-03
493,Russian Federation,64.6863136,97.7453061,2022-05-03,703523,2022-05-03
494,Belarus,53.4250605,27.6971358,2022-05-03,25852,2022-05-03
495,Ukraine,49.4871968,31.2718321,2022-05-03,0,2022-05-03
496,Poland,52.215933,19.134422,2022-05-04,3119196,2022-05-04
497,Hungary,47.1817585,19.5060937,2022-05-04,545311,2022-05-04
498,Republic of Moldova,47.2879608,28.5670941,2022-05-04,450797,2022-05-04
499,Slovakia,48.7411522,19.4528646,2022-05-04,388282,2022-05-04
500,Romania,45.9852129,24.6859225,2022-05-04,854292,2022-05-04
501,Russian Federation,64.6863136,97.7453061,2022-05-04,714713,2022-05-04
502,Belarus,53.4250605,27.6971358,2022-05-04,26149,2022-05-04
503,Ukraine,49.4871968,31.2718321,2022-05-04,0,2022-05-04
504,Poland,52.215933,19.134422,2022-05-05,3143550,2022-05-05
505,Hungary,47.1817585,19.5060937,2022-05-05,551010,2022-05-05
506,Republic of Moldova,47.2879608,28.5670941,2022-05-05,452038,2022-05-05
507,Slovakia,48.7411522,19.4528646,2022-05-05,391592,2022-05-05
508,Romania,45.9852129,24.6859225,2022-05-05,856941,2022-05-05
509,Russian Federation,64.6863136,97.7453061,2022-05-05,727712,2022-05-05
510,Belarus,53.4250605,27.6971358,2022-05-05,26149,2022-05-05
511,Ukraine,49.4871968,31.2718321,2022-05-05,0,2022-05-05
512,Poland,52.215933,19.134422,2022-05-06,3167805,2022-05-06
513,Hungary,47.1817585,19.5060937,2022-05-06,557001,2022-05-06
514,Republic of Moldova,47.2879608,28.5670941,2022-05-06,453848,2022-05-06
515,Slovakia,48.7411522,19.4528646,2022-05-06,402332,2022-05-06
516,Romania,45.9852129,24.6859225,2022-05-06,880100,2022-05-06
517,Russian Federation,64.6863136,97.7453061,2022-05-06,739418,2022-05-06
518,Belarus,53.4250605,27.6971358,2022-05-06,26278,2022-05-06
519,Ukraine,49.4871968,31.2718321,2022-05-06,0,2022-05-06
520,Poland,52.215933,19.134422,2022-05-08,3217206,2022-05-08
521,Hungary,47.1817585,19.5060937,2022-05-08,568630,2022-05-08
522,Republic of Moldova,47.2879608,28.5670941,2022-05-08,456947,2022-05-08
523,Slovakia,48.7411522,19.4528646,2022-05-08,402332,2022-05-08
524,Romania,45.9852129,24.6859225,2022-05-08,880100,2022-05-08
525,Russian Federation,64.6863136,97.7453061,2022-05-08,772121,2022-05-08
526,Belarus,53.4250605,27.6971358,2022-05-08,26985,2022-05-08
527,Ukraine,49.4871968,31.2718321,2022-05-08,0,2022-05-08
528,Poland,52.215933,19.134422,2022-05-09,3234036,2022-05-09
529,Hungary,47.1817585,19.5060937,2022-05-09,572760,2022-05-09
530,Republic of Moldova,47.2879608,28.5670941,2022-05-09,457066,2022-05-09
531,Slovakia,48.7411522,19.4528646,2022-05-09,404463,2022-05-09
532,Romania,45.9852129,24.6859225,2022-05-09,883655,2022-05-09
533,Russian Federation,64.6863136,97.7453061,2022-05-09,772121,2022-05-09
534,Belarus,53.4250605,27.6971358,2022-05-09,26985,2022-05-09
535,Ukraine,49.4871968,31.2718321,2022-05-09,0,2022-05-09
536,Poland,52.215933,19.134422,2022-05-10,3251955,2022-05-10
537,Hungary,47.1817585,19.5060937,2022-05-10,577820,2022-05-10
538,Republic of Moldova,47.2879608,28.5670941,2022-05-10,458242,2022-05-10
539,Slovakia,48.7411522,19.4528646,2022-05-10,406833,2022-05-10
540,Romania,45.9852129,24.6859225,2022-05-10,889674,2022-05-10
541,Russian Federation,64.6863136,97.7453061,2022-05-10,772121,2022-05-10
542,Belarus,53.4250605,27.6971358,2022-05-10,27108,2022-05-10
543,Ukraine,49.4871968,31.2718321,2022-05-10,0,2022-05-10
544,Poland,52.215933,19.134422,2022-05-11,3272943,2022-05-11
545,Hungary,47.1817585,19.5060937,2022-05-11,583066,2022-05-11
546,Republic of Moldova,47.2879608,28.5670941,2022-05-11,459546,2022-05-11
547,Slovakia,48.7411522,19.4528646,2022-05-11,409527,2022-05-11
548,Romania,45.9852129,24.6859225,2022-05-11,895828,2022-05-11
549,Russian Federation,64.6863136,97.7453061,2022-05-11,785348,2022-05-11
550,Belarus,53.4250605,27.6971358,2022-05-11,27308,2022-05-11
551,Ukraine,49.4871968,31.2718321,2022-05-11,0,2022-05-11
552,Poland,52.215933,19.134422,2022-05-12,3315711,2022-05-12
553,Hungary,47.1817585,19.5060937,2022-05-12,594664,2022-05-12
554,Republic of Moldova,47.2879608,28.5670941,2022-05-12,461742,2022-05-12
555,Slovakia,48.7411522,19.4528646,2022-05-12,415402,2022-05-12
556,Romania,45.9852129,24.6859225,2022-05-12,901696,2022-05-12
557,Russian Federation,64.6863136,97.7453061,2022-05-12,800104,2022-05-12
558,Belarus,53.4250605,27.6971358,2022-05-12,27308,2022-05-12
559,Ukraine,49.4871968,31.2718321,2022-05-12,0,2022-05-12
560,Poland,52.215933,19.134422,2022-05-13,3315711,2022-05-13
561,Hungary,47.1817585,19.5060937,2022-05-13,594664,2022-05-13
562,Republic of Moldova,47.2879608,28.5670941,2022-05-13,461742,2022-05-13
563,Slovakia,48.7411522,19.4528646,2022-05-13,415402,2022-05-13
564,Romania,45.9852129,24.6859225,2022-05-13,919574,2022-05-13
565,Russian Federation,64.6863136,97.7453061,2022-05-13,838434,2022-05-13
566,Belarus,53.4250605,27.6971358,2022-05-13,29404,2022-05-13
567,Ukraine,49.4871968,31.2718321,2022-05-13,0,2022-05-13
568,Poland,52.215933,19.134422,2022-05-15,3357984,2022-05-15
569,Hungary,47.1817585,19.5060937,2022-05-15,605628,2022-05-15
570,Republic of Moldova,47.2879608,28.5670941,2022-05-15,463348,2022-05-15
571,Slovakia,48.7411522,19.4528646,2022-05-15,421662,2022-05-15
572,Romania,45.9852129,24.6859225,2022-05-15,919574,2022-05-15
573,Russian Federation,64.6863136,97.7453061,2022-05-15,838434,2022-05-15
574,Belarus,53.4250605,27.6971358,2022-05-15,29404,2022-05-15
575,Ukraine,49.4871968,31.2718321,2022-05-15,0,2022-05-15
576,Poland,52.215933,19.134422,2022-05-16,3376992,2022-05-16
577,Hungary,47.1817585,19.5060937,2022-05-16,610076,2022-05-16
578,Republic of Moldova,47.2879608,28.5670941,2022-05-16,464294,2022-05-16
579,Slovakia,48.7411522,19.4528646,2022-05-16,424027,2022-05-16
580,Romania,45.9852129,24.6859225,2022-05-16,924869,2022-05-16
581,Russian Federation,64.6863136,97.7453061,2022-05-16,850534,2022-05-16
582,Belarus,53.4250605,27.6971358,2022-05-16,29404,2022-05-16
583,Ukraine,49.4871968,31.2718321,2022-05-16,0,2022-05-16
584,Poland,52.215933,19.134422,2022-05-24,3544995,2022-05-24
585,Hungary,47.1817585,19.5060937,2022-05-24,654664,2022-05-24
586,Republic of Moldova,47.2879608,28.5670941,2022-05-24,473690,2022-05-24
587,Slovakia,48.7411522,19.4528646,2022-05-24,446755,2022-05-24
588,Romania,45.9852129,24.6859225,2022-05-24,972203,2022-05-24
589,Russian Federation,64.6863136,97.7453061,2022-05-24,945007,2022-05-24
590,Belarus,53.4250605,27.6971358,2022-05-24,29404,2022-05-24
591,Ukraine,49.4871968,31.2718321,2022-05-24,0,2022-05-24
592,Poland,52.215933,19.134422,2022-05-25,3559394,2022-05-25
593,Hungary,47.1817585,19.5060937,2022-05-25,660192,2022-05-25
594,Republic of Moldova,47.2879608,28.5670941,2022-05-25,475011,2022-05-25
595,Slovakia,48.7411522,19.4528646,2022-05-25,449509,2022-05-25
596,Romania,45.9852129,24.6859225,2022-05-25,978407,2022-05-25
597,Russian Federation,64.6863136,97.7453061,2022-05-25,958060,2022-05-25
598,Belarus,53.4250605,27.6971358,2022-05-25,29404,2022-05-25
599,Ukraine,49.4871968,31.2718321,2022-05-25,0,2022-05-25
600,Poland,52.215933,19.134422,2022-05-26,3559394,2022-05-26
601,Hungary,47.1817585,19.5060937,2022-05-26,665533,2022-05-26
602,Republic of Moldova,47.2879608,28.5670941,2022-05-26,476290,2022-05-26
603,Slovakia,48.7411522,19.4528646,2022-05-26,451850,2022-05-26
604,Romania,45.9852129,24.6859225,2022-05-26,984224,2022-05-26
605,Russian Federation,64.6863136,97.7453061,2022-05-26,971417,2022-05-26
606,Belarus,53.4250605,27.6971358,2022-05-26,29547,2022-05-26
607,Ukraine,49.4871968,31.2718321,2022-05-26,0,2022-05-26
608,Poland,52.215933,19.134422,2022-05-27,3581612,2022-05-27
609,Hungary,47.1817585,19.5060937,2022-05-27,671463,2022-05-27
610,Republic of Moldova,47.2879608,28.5670941,2022-05-27,477637,2022-05-27
611,Slovakia,48.7411522,19.4528646,2022-05-27,454961,2022-05-27
612,Romania,45.9852129,24.6859225,2022-05-27,989357,2022-05-27
613,Russian Federation,64.6863136,97.7453061,2022-05-27,971417,2022-05-27
614,Belarus,53.4250605,27.6971358,2022-05-27,30092,2022-05-27
615,Ukraine,49.4871968,31.2718321,2022-05-27,0,2022-05-27
616,Poland,52.215933,19.134422,2022-05-29,3627178,2022-05-29
617,Hungary,47.1817585,19.5060937,2022-05-29,682594,2022-05-29
618,Republic of Moldova,47.2879608,28.5670941,2022-05-29,479513,2022-05-29
619,Slovakia,48.7411522,19.4528646,2022-05-29,461164,2022-05-29
620,Romania,45.9852129,24.6859225,2022-05-29,989357,2022-05-29
621,Russian Federation,64.6863136,97.7453061,2022-05-29,971417,2022-05-29
622,Belarus,53.4250605,27.6971358,2022-05-29,30092,2022-05-29
623,Ukraine,49.4871968,31.2718321,2022-05-29,0,2022-05-29
